URL,Title,Title Length,Meta Description,Meta Length,Has Schema,Issues
"https://5starroofingpros.comapp/about/","About 5 Star Commercial Roofing | Amarillo, Midland, Odes...",60,"Over 10 years serving Amarillo, Midland, Odessa and West Texas. Call for a free quote!",86,true,"SHORT_META"
"https://5starroofingpros.comapp/amarillo-homes-roofing-services/","Amarillo Homes Roofing| Expert Residential Services",51,"Amarillo Homes Roofing Services is here to cater to all your roofing needs. We guarantee exceptional results. Free inspections available.",137,true,""
"https://5starroofingpros.comapp/amarillo-texas-roofing/","Amarillo Texas Roofing | Local Hail Experts",43,"Trusted roofing contractor serving Amarillo, Texas. hail damage repair, residential & commercial roofing, metal roofs, and free inspections.",140,true,""
"https://5starroofingpros.comapp/amarillo-weather-impact-on-roofing/","Understanding Climate and Roof Longevity in Amarillo",52,"Explore the impact of Amarillo",30,true,"SHORT_META"
"https://5starroofingpros.comapp/amarillos-best-roofer/","Amarillo",8,"Need a reliable roofing company in Amarillo? Amarillo",53,true,"SHORT_TITLE; SHORT_META"
"https://5starroofingpros.comapp/articles/","Roofing Articles & Local Amarillo Guide | 5 Star Commerci...",60,"Read our roofing articles and explore local Amarillo attractions. Expert tips on hail damage, storm damage, and roofing maintenance for West Texas homes.",153,true,""
"https://5starroofingpros.comapp/asphalt-flat-roof-repair-in-amarillo/","Flat Roof Repair Amarillo TX | BUR & Asphalt",44,"Roof Repair in Amarillo, TX. Free inspections, insurance claim help, fast response. Call 5 Star Roofing for a free quote today!",127,true,""
"https://5starroofingpros.comapp/asphalt-roofing-in-amarillo/","Asphalt Roofing Amarillo TX | 5 Star Roofing",44,"asphalt shingle installation in Amarillo, Midland, Odessa. Class 4 impact-resistant shingles for hail protection. Free inspections available.",141,true,""
"https://5starroofingpros.comapp/asphalt-shingle-roofing-amarillo/","Asphalt Shingles Amarillo TX | 5 Star Roofing",45,"Professional asphalt shingle roofing in Amarillo TX. Expert installation, 24/7 emergency service, insurance assistance. Free inspections. Call (806) 622-6041",157,true,""
"https://5starroofingpros.comapp/asphalt-shingle-roofing-andrews/","Asphalt Shingles Andrews TX | 5 Star Roofing",44,"Quality asphalt shingle roofing in Andrews TX. Permian Basin experiences 6-8 hailstorms annually. Free inspections. Call (806) 622-6041",135,true,""
"https://5starroofingpros.comapp/asphalt-shingle-roofing-big-spring/","Asphalt Shingles Big Spring TX | 5 Star Roofing",47,"Quality asphalt shingle roofing in Big Spring TX. West Texas experiences 7-9 hailstorms annually. Free inspections. Call (806) 622-6041",135,true,""
"https://5starroofingpros.comapp/asphalt-shingle-roofing-borger/","Asphalt Shingles Borger TX | 5 Star Roofing",43,"asphalt shingle roofing in Borger TX. Texas Panhandle experiences 6-8 hailstorms annually. High Plains winds 60+ mph. Free inspections. Call (806) 622-6041",155,true,""
"https://5starroofingpros.comapp/asphalt-shingle-roofing-canyon/","Asphalt Shingles Canyon TX | 5 Star Roofing",43,"asphalt shingle roofing in Canyon TX. Texas Panhandle experiences 6-8 hailstorms annually. High Plains winds 60+ mph. Free inspections. Call (806) 622-6041",155,true,""
"https://5starroofingpros.comapp/asphalt-shingle-roofing-dumas/","Asphalt Shingle Roofing Dumas TX | Class 4 | Free Inspection",60,"asphalt shingle roofing in Dumas TX. Texas Panhandle experiences 6-8 hailstorms annually. High Plains winds 60+ mph. Free inspections. Call (806) 622-6041",154,true,""
"https://5starroofingpros.comapp/asphalt-shingle-roofing-levelland/","Asphalt Shingles Levelland TX | 5 Star Roofing",46,"Quality asphalt shingle roofing in Levelland TX. South Plains experiences 7-10 hailstorms annually. Free inspections. Call (806) 622-6041",137,true,""
"https://5starroofingpros.comapp/asphalt-shingle-roofing-lubbock/","Asphalt Shingles Lubbock TX | 5 Star Roofing",44,"Professional asphalt shingle roofing in Lubbock TX. Expert installation, 24/7 emergency service, insurance assistance. Free inspections. Call (806) 622-6041",156,true,""
"https://5starroofingpros.comapp/asphalt-shingle-roofing-midland/","Asphalt Shingles Midland TX | 5 Star Roofing",44,"Professional asphalt shingle roofing in Midland TX. Expert installation, 24/7 emergency service, insurance assistance. Free inspections. Call (806) 622-6041",156,true,""
"https://5starroofingpros.comapp/asphalt-shingle-roofing-monahans/","Asphalt Shingles Monahans TX | 5 Star Roofing",45,"Quality asphalt shingle roofing in Monahans TX. Permian Basin experiences 6-8 hailstorms annually. Free inspections. Call (806) 622-6041",136,true,""
"https://5starroofingpros.comapp/asphalt-shingle-roofing-odessa/","Asphalt Shingles Odessa TX | 5 Star Roofing",43,"Professional asphalt shingle roofing in Odessa TX. Expert installation, 24/7 emergency service, insurance assistance. Free inspections. Call (806) 622-6041",155,true,""
"https://5starroofingpros.comapp/asphalt-shingle-roofing-pampa/","Asphalt Shingle Roofing Pampa TX | Class 4 | Free Inspection",60,"asphalt shingle roofing in Pampa TX. Texas Panhandle experiences 6-8 hailstorms annually. High Plains winds 60+ mph. Free inspections. Call (806) 622-6041",154,true,""
"https://5starroofingpros.comapp/asphalt-shingle-roofing-perryton/","Asphalt Shingles Perryton TX | 5 Star Roofing",45,"asphalt shingle roofing in Perryton TX. Texas Panhandle experiences 6-8 hailstorms annually. High Plains winds 60+ mph. Free inspections. Call (806) 622-6041",157,true,""
"https://5starroofingpros.comapp/asphalt-shingle-roofing-snyder/","Asphalt Shingles Snyder TX | 5 Star Roofing",43,"Quality asphalt shingle roofing in Snyder TX. West Texas experiences 7-9 hailstorms annually. Free inspections. Call (806) 622-6041",131,true,""
"https://5starroofingpros.comapp/blog/best-roofing-materials-texas-2025/","Best Roofing Materials for Texas Climate 2025 | Expert Guide",60,"Complete guide to the best roofing materials for Texas. Compare asphalt shingles, metal roofing, tile, and more for heat, hail, and wind resistance.",148,true,""
"https://5starroofingpros.comapp/blog/how-to-file-hail-damage-insurance-claim/","How to File a Hail Damage Insurance Claim | Step-by-Step ...",60,"Complete guide to filing hail damage insurance claims in Texas. Step-by-step process, what insurance covers, common mistakes to avoid.",134,true,""
"https://5starroofingpros.comapp/blog/","Roofing Blog & Resources | 5 Star Commercial Roofing",52,"roofing advice for Texas homeowners. Guides on hail damage, roof costs, materials, maintenance, and insurance claims from West Texas roofing professionals.",155,true,""
"https://5starroofingpros.comapp/blog/roof-maintenance-checklist-texas/","Roof Maintenance Checklist for Texas Homeowners 2025",52,"Complete roof maintenance checklist for Texas homes. Seasonal inspections, preventive care, and expert tips to extend roof life. Free printable checklist.",154,true,""
"https://5starroofingpros.comapp/blog/roof-replacement-cost-texas-2025/","Roof Replacement Cost in Texas 2025 | Complete Pricing Guide",60,"How much does roof replacement cost in Texas? Complete 2025 pricing guide with average costs by size, material, and location.",125,true,""
"https://5starroofingpros.comapp/borger-texas-roofing/","Roofing in Borger, TX| Hail Damage Specialists | 5 Star",55,"roofing services in Borger, Texas Panhandle. Commercial, residential, and emergency roofing. Serving Hutchinson County. Free inspections available.",147,true,""
"https://5starroofingpros.comapp/budgeting-for-roof-replacement-expenses/","Budgeting for Roof Replacement Expenses| Amarillo Roofing",57,"Affordable and reliable roof replacement services in Amarillo, TX. FREE inspections and estimates so you can budget exactly what it will cost you.",146,true,""
"https://5starroofingpros.comapp/bushland-tx-roofing/","Roofing in Bushland, TX| Hail Damage Specialists | 5 Star",57,"roofing services in Bushland, Texas Panhandle. Just 10 miles west of Amarillo. Hail damage repair, residential & commercial roofing, metal roofs.",145,true,""
"https://5starroofingpros.comapp/canyon-texas-roofing/","Roofing in Canyon, TX| Hail Damage Specialists | 5 Star",55,"roofing services in Canyon, Texas Panhandle. Commercial, residential, and emergency roofing. Serving Randall County. Free inspections available.",144,true,""
"https://5starroofingpros.comapp/canyon-tx-roofing/","Canyon TX Roofing | Professional Roofer Serving Canyon,",55,"Trusted roofing contractor serving Canyon, TX from our Amarillo location. hail damage repair, residential & commercial roofing.",127,true,""
"https://5starroofingpros.comapp/claude-tx-roofing/","Roofing in Claude, TX| Hail Damage Specialists | 5 Star",55,"roofing services in Claude, Texas Panhandle. Just 25 miles east of Amarillo on US-287. Hail damage repair, residential & commercial roofing.",140,true,""
"https://5starroofingpros.comapp/commercial-roof-repair-in-amarillo/","Commercial Roof Repair in AmarilloService | 5 Star",50,"Roof Repair in Amarillo, TX. Free inspections, insurance claim help, fast response. Call 5 Star Roofing for a free quote today!",127,true,""
"https://5starroofingpros.comapp/commercial-roofing/","Commercial Roofing in Amarillo TX| TPO, PVC, EPDM | 5 Star",58,"commercial roofing in Amarillo. TPO, PVC, EPDM, and built-up roofing systems. Call for a free quote!",100,true,"SHORT_META"
"https://5starroofingpros.comapp/commercial-roofing-amarillo/","Commercial Roofing Amarillo TX | 5 Star Roofing",47,"Commercial Roofing in Amarillo, TX. Free inspections, insurance claim help, fast response. Call 5 Star Roofing for a free quote today!",134,true,""
"https://5starroofingpros.comapp/commercial-roofing-amarillo-tx/","Amarillo TX Roofing | Trusted Local Roofers",43,"Commercial Roofing in Amarillo, TX. Free inspections, insurance claim help, fast response. Call 5 Star Roofing for a free quote today!",134,true,""
"https://5starroofingpros.comapp/commercial-roofing-andrews/","Commercial Roofing Andrews TX | 5 Star Roofing",46,"Professional commercial roofing in Andrews TX. Expert installation, 24/7 emergency service, insurance assistance. Free inspections. Call (806) 622-6041",151,true,""
"https://5starroofingpros.comapp/commercial-roofing-big-spring/","Commercial Roofing Big Spring TX | 5 Star Roofing",49,"Professional commercial roofing in Big Spring TX. Expert installation, 24/7 emergency service, insurance assistance. Free inspections. Call (806) 622-6041",154,true,""
"https://5starroofingpros.comapp/commercial-roofing-borger/","Commercial Roofing Borger TX | 5 Star Roofing",45,"Professional commercial roofing in Borger TX. Expert installation, 24/7 emergency service, insurance assistance. Free inspections. Call (806) 622-6041",150,true,""
"https://5starroofingpros.comapp/commercial-roofing-canyon/","Commercial Roofing Canyon TX | 5 Star Roofing",45,"Professional commercial roofing in Canyon TX. Expert installation, 24/7 emergency service, insurance assistance. Free inspections. Call (806) 622-6041",150,true,""
"https://5starroofingpros.comapp/commercial-roofing-dumas/","Commercial Roofing Dumas TX | 5 Star Roofing",44,"Professional commercial roofing in Dumas TX. Expert installation, 24/7 emergency service, insurance assistance. Free inspections. Call (806) 622-6041",149,true,""
"https://5starroofingpros.comapp/commercial-roofing-levelland/","Commercial Roofing Levelland TX | 5 Star Roofing",48,"Professional commercial roofing in Levelland TX. Expert installation, 24/7 emergency service, insurance assistance. Free inspections. Call (806) 622-6041",153,true,""
"https://5starroofingpros.comapp/commercial-roofing-lubbock/","Commercial Roofing Lubbock TX | 5 Star Roofing",46,"commercial roofing in Lubbock TX. TPO, EPDM, and metal roofing systems for businesses. 24/7 emergency service. Free inspections. Call (806) 622-6041",148,true,""
"https://5starroofingpros.comapp/commercial-roofing-lubbock-texas/","Commercial Roofing in Lubbock TX| TPO, EPDM, Flat Roofs",55,"Commercial Roofing in Lubbock, TX. Free inspections, insurance claim help, fast response. Call 5 Star Roofing for a free quote today!",133,true,""
"https://5starroofingpros.comapp/commercial-roofing-midland/","Commercial Roofing Midland TX | 5 Star Roofing",46,"commercial roofing in Midland TX. TPO, EPDM, and metal roofing systems for businesses. 24/7 emergency service. Free inspections. Call (806) 622-6041",148,true,""
"https://5starroofingpros.comapp/commercial-roofing-midland-texas/","Commercial Roofing in Midland TX| Oil & Gas Specialists",55,"Commercial Roofing in Midland, TX. Free inspections, insurance claim help, fast response. Call 5 Star Roofing for a free quote today!",133,true,""
"https://5starroofingpros.comapp/commercial-roofing-monahans/","Commercial Roofing Monahans TX | 5 Star Roofing",47,"Professional commercial roofing in Monahans TX. Expert installation, 24/7 emergency service, insurance assistance. Free inspections. Call (806) 622-6041",152,true,""
"https://5starroofingpros.comapp/commercial-roofing-odessa/","Commercial Roofing Odessa TX | 5 Star Roofing",45,"Professional commercial roofing in Odessa TX. TPO, EPDM, and metal roofing systems for businesses. 24/7 emergency service. Free inspections. Call (806) 622-6041",160,true,""
"https://5starroofingpros.comapp/commercial-roofing-odessa-texas/","Commercial Roofing Odessa TX | 5 Star Roofing",45,"Expert commercial roofing in Odessa, TX. TPO, EPDM, flat roof systems for Permian Basin businesses. Free estimates. Call (806) 622-6041.",136,true,""
"https://5starroofingpros.comapp/commercial-roofing-pampa/","Commercial Roofing Pampa TX | 5 Star Roofing",44,"Professional commercial roofing in Pampa TX. Expert installation, 24/7 emergency service, insurance assistance. Free inspections. Call (806) 622-6041",149,true,""
"https://5starroofingpros.comapp/commercial-roofing-perryton/","Commercial Roofing Perryton TX | 5 Star Roofing",47,"Professional commercial roofing in Perryton TX. Expert installation, 24/7 emergency service, insurance assistance. Free inspections. Call (806) 622-6041",152,true,""
"https://5starroofingpros.comapp/commercial-roofing-snyder/","Commercial Roofing Snyder TX | 5 Star Roofing",45,"Professional commercial roofing in Snyder TX. Expert installation, 24/7 emergency service, insurance assistance. Free inspections. Call (806) 622-6041",150,true,""
"https://5starroofingpros.comapp/contact/","Contact Us | 5 Star Commercial Roofing | Amarillo, TX",53,"Contact 5 Star Commercial Roofing for roofing services in Amarillo, Midland, Odessa, and West Texas.",100,true,"SHORT_META"
"https://5starroofingpros.comapp/damaged-roof-replacement-in-amarillo/","Damaged Roof Replacement Amarillo TX | 5 Star",45,"Professional roof repair or replacement in Amarillo. Storm damage, hail damage specialists. Don",95,true,"SHORT_META"
"https://5starroofingpros.comapp/dumas-texas-roofing/","Roofing in Dumas, TX| Hail Damage Specialists | 5 Star",54,"roofing services in Dumas, Texas Panhandle. Residential, commercial, and hail damage repair. Serving Moore County. Free inspections available.",142,true,""
"https://5starroofingpros.comapp/emergency-roof-repair-amarillo/","Emergency Roof Repair Amarillo TXService | Storm Damage",55,"Emergency Roof Repair in Amarillo, TX. Free inspections, insurance claim help, fast response. Call 5 Star Roofing for a free quote today!",137,true,""
"https://5starroofingpros.comapp/emergency-roof-repair-andrews/","Emergency Roof Repair Andrews TX | 5 Star Roofing",49,"Professional emergency roof repair in Andrews TX. Expert installation, 24/7 emergency service, insurance assistance. Free inspections. Call (806) 622-6041",154,true,""
"https://5starroofingpros.comapp/emergency-roof-repair-big-spring/","Emergency Roof Repair Big Spring TX | 5 Star Roofing",52,"Professional emergency roof repair in Big Spring TX. Expert installation, 24/7 emergency service, insurance assistance. Free inspections. Call (806) 622-6041",157,true,""
"https://5starroofingpros.comapp/emergency-roof-repair-borger/","Emergency Roof Repair Borger TX | 5 Star Roofing",48,"Professional emergency roof repair in Borger TX. Expert installation, 24/7 emergency service, insurance assistance. Free inspections. Call (806) 622-6041",153,true,""
"https://5starroofingpros.comapp/emergency-roof-repair-canyon/","Emergency Roof Repair Canyon TX | 5 Star Roofing",48,"Professional emergency roof repair in Canyon TX. Expert installation, 24/7 emergency service, insurance assistance. Free inspections. Call (806) 622-6041",153,true,""
"https://5starroofingpros.comapp/emergency-roof-repair-dumas/","Emergency Roof Repair Dumas TX | 5 Star Roofing",47,"Professional emergency roof repair in Dumas TX. Expert installation, 24/7 emergency service, insurance assistance. Free inspections. Call (806) 622-6041",152,true,""
"https://5starroofingpros.comapp/emergency-roof-repair-levelland/","Emergency Roof Repair Levelland TX | 5 Star Roofing",51,"Professional emergency roof repair in Levelland TX. Expert installation, 24/7 emergency service, insurance assistance. Free inspections. Call (806) 622-6041",156,true,""
"https://5starroofingpros.comapp/emergency-roof-repair-lubbock/","Emergency Roof Repair Lubbock TXService | Storm Damage",54,"24/7 emergency roof repair in Lubbock TX. Rapid response for storm damage, active leaks, wind damage. Emergency tarping available. Call (806) 622-6041",150,true,""
"https://5starroofingpros.comapp/emergency-roof-repair-midland/","Emergency Roof Repair Midland TXService | Storm Damage",54,"24/7 emergency roof repair in Midland TX. Rapid response for storm damage, active leaks, wind damage. Emergency tarping available. Call (806) 622-6041",150,true,""
"https://5starroofingpros.comapp/emergency-roof-repair-monahans/","Emergency Roof Repair Monahans TX | 5 Star Roofing",50,"Professional emergency roof repair in Monahans TX. Expert installation, 24/7 emergency service, insurance assistance. Free inspections. Call (806) 622-6041",155,true,""
"https://5starroofingpros.comapp/emergency-roof-repair-odessa/","Emergency Roof Repair Odessa TXService | Storm Damage",53,"24/7 emergency roof repair in Odessa TX. Rapid response for storm damage, active leaks, wind damage. Emergency tarping available. Call (806) 622-6041",149,true,""
"https://5starroofingpros.comapp/emergency-roof-repair-odessa-texas/","Emergency Roof Repair in Odessa | 5 Star",40,"Emergency Roof Repair in Odessa, TX. Free inspections, insurance claim help, fast response. Call 5 Star Roofing for a free quote today!",135,true,""
"https://5starroofingpros.comapp/emergency-roof-repair-pampa/","Emergency Roof Repair Pampa TX | 5 Star Roofing",47,"Professional emergency roof repair in Pampa TX. Expert installation, 24/7 emergency service, insurance assistance. Free inspections. Call (806) 622-6041",152,true,""
"https://5starroofingpros.comapp/emergency-roof-repair-perryton/","Emergency Roof Repair Perryton TX | 5 Star Roofing",50,"Professional emergency roof repair in Perryton TX. Expert installation, 24/7 emergency service, insurance assistance. Free inspections. Call (806) 622-6041",155,true,""
"https://5starroofingpros.comapp/emergency-roof-repair-snyder/","Emergency Roof Repair Snyder TX | 5 Star Roofing",48,"Professional emergency roof repair in Snyder TX. Expert installation, 24/7 emergency service, insurance assistance. Free inspections. Call (806) 622-6041",153,true,""
"https://5starroofingpros.comapp/expert-roofing-services-in-amarillo/","Amarillo TX Roofing Services | 5 Star Roofing",45,"Choose 5 Star Roofing for top-notch residential and commercial roofing services in Amarillo. Quality materials, expert service, and unbeatable reliability.",155,true,""
"https://5starroofingpros.comapp/flat-roof-repair-midland-texas/","Flat Roof Repair in Midland, TX| Commercial Specialists",55,"Expert flat roof repair in Midland, Texas. TPO, EPDM, membrane repairs, leak detection. Emergency service available. Free inspections. Call today (806) 622-6041",160,true,""
"https://5starroofingpros.comapp/gallery/","Project Gallery | 5 Star Commercial Roofing Portfolio",53,"View our completed roofing projects in Amarillo, Midland, Odessa, and Lubbock. Call for a free quote!",101,true,"SHORT_META"
"https://5starroofingpros.comapp/hail-damage-repair-amarillo/","Hail Damage Repair Amarillo TX | 5 Star Roofing",47,"Hail Damage Repair in Amarillo, TX. Free inspections, insurance claim help, fast response. Call 5 Star Roofing for a free quote today!",134,true,""
"https://5starroofingpros.comapp/hail-damage-repair-amarillo-tx/","Hail Damage Roof Repair in Amarillo | 5 Star",44,"Amarillo",8,true,"SHORT_META"
"https://5starroofingpros.comapp/hail-damage-repair-andrews/","Hail Damage Repair Andrews TX | 5 Star Roofing",46,"Professional hail damage repair in Andrews TX. Expert installation, 24/7 emergency service, insurance assistance. Free inspections. Call (806) 622-6041",151,true,""
"https://5starroofingpros.comapp/hail-damage-repair-big-spring/","Hail Damage Repair Big Spring TX | 5 Star Roofing",49,"Professional hail damage repair in Big Spring TX. Expert installation, 24/7 emergency service, insurance assistance. Free inspections. Call (806) 622-6041",154,true,""
"https://5starroofingpros.comapp/hail-damage-repair-borger/","Hail Damage Repair Borger TX | 5 Star Roofing",45,"Professional hail damage repair in Borger TX. Expert installation, 24/7 emergency service, insurance assistance. Free inspections. Call (806) 622-6041",150,true,""
"https://5starroofingpros.comapp/hail-damage-repair-canyon/","Hail Damage Repair Canyon TX | 5 Star Roofing",45,"Professional hail damage repair in Canyon TX. Expert installation, 24/7 emergency service, insurance assistance. Free inspections. Call (806) 622-6041",150,true,""
"https://5starroofingpros.comapp/hail-damage-repair-dumas/","Hail Damage Repair Dumas TX | 5 Star Roofing",44,"Professional hail damage repair in Dumas TX. Expert installation, 24/7 emergency service, insurance assistance. Free inspections. Call (806) 622-6041",149,true,""
"https://5starroofingpros.comapp/hail-damage-repair-levelland/","Hail Damage Repair Levelland TX | 5 Star Roofing",48,"Professional hail damage repair in Levelland TX. Expert installation, 24/7 emergency service, insurance assistance. Free inspections. Call (806) 622-6041",153,true,""
"https://5starroofingpros.comapp/hail-damage-repair-lubbock/","Hail Damage Repair Lubbock TX | 5 Star Roofing",46,"Expert hail damage repair in Lubbock with 24/7 emergency service. Complete insurance claim assistance. Free inspections. Call (806) 622-6041",140,true,""
"https://5starroofingpros.comapp/hail-damage-repair-lubbock-tx/","Hail Damage Roof Repair in Lubbock | 5 Star",43,"Lubbock",7,true,"SHORT_META"
"https://5starroofingpros.comapp/hail-damage-repair-midland/","Hail Damage Repair Midland TX | 5 Star Roofing",46,"Expert hail damage repair in Midland with 24/7 emergency service. Complete insurance claim assistance. Free inspections. Call (806) 622-6041",140,true,""
"https://5starroofingpros.comapp/hail-damage-repair-midland-tx/","Hail Damage Roof Repair in Midland | 5 Star",43,"Midland",7,true,"SHORT_META"
"https://5starroofingpros.comapp/hail-damage-repair-monahans/","Hail Damage Repair Monahans TX | 5 Star Roofing",47,"Professional hail damage repair in Monahans TX. Expert installation, 24/7 emergency service, insurance assistance. Free inspections. Call (806) 622-6041",152,true,""
"https://5starroofingpros.comapp/hail-damage-repair-odessa/","Hail Damage Roof Repair Odessa TXEmergency | Free Inspection",60,"Expert hail damage repair in Odessa with 24/7 emergency service. Complete insurance claim assistance. Free inspections. Call (806) 622-6041",139,true,""
"https://5starroofingpros.comapp/hail-damage-repair-odessa-tx/","Hail Damage Roof Repair in Odessa | 5 Star",42,"Odessa",6,true,"SHORT_META"
"https://5starroofingpros.comapp/hail-damage-repair-pampa/","Hail Damage Repair Pampa TX | 5 Star Roofing",44,"Professional hail damage repair in Pampa TX. Expert installation, 24/7 emergency service, insurance assistance. Free inspections. Call (806) 622-6041",149,true,""
"https://5starroofingpros.comapp/hail-damage-repair-perryton/","Hail Damage Repair Perryton TX | 5 Star Roofing",47,"Professional hail damage repair in Perryton TX. Expert installation, 24/7 emergency service, insurance assistance. Free inspections. Call (806) 622-6041",152,true,""
"https://5starroofingpros.comapp/hail-damage-repair-snyder/","Hail Damage Repair Snyder TX | 5 Star Roofing",45,"Professional hail damage repair in Snyder TX. Expert installation, 24/7 emergency service, insurance assistance. Free inspections. Call (806) 622-6041",150,true,""
"https://5starroofingpros.comapp/hail-damage-roof-repair-amarillo-texas/","Hail Damage Roof Repair in Amarillo | 5 Star",44,"Hail Damage Repair in Amarillo, TX. Free inspections, insurance claim help, fast response. Call 5 Star Roofing for a free quote today!",134,true,""
"https://5starroofingpros.comapp/hail-damage-roof-repair-in-amarillo/","Hail Damage Roof Repair in Amarillo | 5 Star",44,"Hail Damage Repair in Amarillo, TX. Free inspections, insurance claim help, fast response. Call 5 Star Roofing for a free quote today!",134,true,""
"https://5starroofingpros.comapp/hail-damage-roof-repair-lubbock-texas/","Hail Damage Roof Repair in Lubbock | 5 Star",43,"Hail Damage Repair in Lubbock, TX. Free inspections, insurance claim help, fast response. Call 5 Star Roofing for a free quote today!",133,true,""
"https://5starroofingpros.comapp/hail-damage-roof-repair-midland-texas/","Hail Damage Roof Repair in Midland | 5 Star",43,"Hail Damage Repair in Midland, TX. Free inspections, insurance claim help, fast response. Call 5 Star Roofing for a free quote today!",133,true,""
"https://5starroofingpros.comapp/hail-damage-roof-repair-odessa-texas/","Hail Damage Roof Repair in Odessa | 5 Star",42,"Hail Damage Repair in Odessa, TX. Free inspections, insurance claim help, fast response. Call 5 Star Roofing for a free quote today!",132,true,""
"https://5starroofingpros.comapp/hail-damage-roof-replacement-in-amarillo/","Hail Damage Roof Replacement in Amarillo | 5 Star",49,"Hail Damage Repair in Amarillo, TX. Free inspections, insurance claim help, fast response. Call 5 Star Roofing for a free quote today!",134,true,""
"https://5starroofingpros.comapp/hail-damage-roofs-in-amarillo/","Hail Damage Roof Repair in Amarillo | 5 Star",44,"Hail Damage Repair in Amarillo, TX. Free inspections, insurance claim help, fast response. Call 5 Star Roofing for a free quote today!",134,true,""
"https://5starroofingpros.comapp/heavy-rain-damage-roof-repair-in-amarillo/","Emergency Rain Damage Roof Repair in Amarillo | 5 Star",54,"Roof Repair in Amarillo, TX. Free inspections, insurance claim help, fast response. Call 5 Star Roofing for a free quote today!",127,true,""
"https://5starroofingpros.comapp/hereford-texas-roofing/","Roofing in Hereford, TX| Hail Damage Specialists | 5 Star",57,"roofing services in Hereford, Texas Panhandle. Residential, commercial, and hail damage repair. Serving Deaf Smith County. Free inspections available.",150,true,""
"https://5starroofingpros.comapp/industrial-roofing/","Industrial Roofing in Amarillo TX| Warehouses & Manufactu...",60,"industrial roofing in Amarillo. TPO, EPDM, and metal roofing for warehouses and manufacturing facilities.",105,true,"SHORT_META"
"https://5starroofingpros.comapp/lubbock-tx-roofing/","Roofing in Lubbock TX | South Plains Weather Experts",52,"roofing in Lubbock. South Plains weather experts. Residential and commercial services. Lubbock experiences 6-8 hailstorms annually.",131,true,""
"https://5starroofingpros.comapp/metal-roof-installation-odessa-texas/","Metal Roof Installation in Odessa, TX| 50+ Year Lifespan",56,"metal roof installation in Odessa, Texas. Standing seam, R-panel, commercial & residential. 50+ year lifespan. Free inspections available.",138,true,""
"https://5starroofingpros.comapp/metal-roofing-amarillo/","Metal Roofing Amarillo TX | Expert Service | Free Inspection",60,"Professional metal roofing in Amarillo TX. Expert installation, 24/7 emergency service, insurance assistance. Free inspections. Call (806) 622-6041",147,true,""
"https://5starroofingpros.comapp/metal-roofing-andrews/","Metal Roofing Andrews TX | 5 Star Commercial Roofing",52,"Durable metal roofing systems in Andrews TX. Permian Basin experiences 6-8 hailstorms annually. Free inspections. Call (806) 622-6041",133,true,""
"https://5starroofingpros.comapp/metal-roofing-big-spring/","Metal Roofing Big Spring TX | 5 Star Commercial Roofing",55,"Durable metal roofing systems in Big Spring TX. West Texas experiences 7-9 hailstorms annually. Free inspections. Call (806) 622-6041",133,true,""
"https://5starroofingpros.comapp/metal-roofing-borger/","Metal Roofing Borger TX | Standing Seam | 50+ Year Lifespan",59,"Expert metal roofing in Borger TX. Texas Panhandle experiences 6-8 hailstorms annually. High Plains winds 60+ mph. Free inspections. Call (806) 622-6041",152,true,""
"https://5starroofingpros.comapp/metal-roofing-canyon/","Metal Roofing Canyon TX | Standing Seam | 50+ Year Lifespan",59,"Expert metal roofing in Canyon TX. Texas Panhandle experiences 6-8 hailstorms annually. High Plains winds 60+ mph. Free inspections. Call (806) 622-6041",152,true,""
"https://5starroofingpros.comapp/metal-roofing-dumas/","Metal Roofing Dumas TX | Standing Seam | 50+ Year Lifespan",58,"Expert metal roofing in Dumas TX. Texas Panhandle experiences 6-8 hailstorms annually. High Plains winds 60+ mph. Free inspections. Call (806) 622-6041",151,true,""
"https://5starroofingpros.comapp/metal-roofing-levelland/","Metal Roofing Levelland TX | 5 Star Commercial Roofing",54,"Durable metal roofing systems in Levelland TX. South Plains experiences 7-10 hailstorms annually. Free inspections. Call (806) 622-6041",135,true,""
"https://5starroofingpros.comapp/metal-roofing-lubbock/","Metal Roofing Lubbock TX | Expert Service | Free Inspection",59,"Professional metal roofing in Lubbock TX. Expert installation, 24/7 emergency service, insurance assistance. Free inspections. Call (806) 622-6041",146,true,""
"https://5starroofingpros.comapp/metal-roofing-midland/","Metal Roofing Midland TX | Expert Service | Free Inspection",59,"Professional metal roofing in Midland TX. Expert installation, 24/7 emergency service, insurance assistance. Free inspections. Call (806) 622-6041",146,true,""
"https://5starroofingpros.comapp/metal-roofing-monahans/","Metal Roofing Monahans TX | 5 Star Commercial Roofing",53,"Durable metal roofing systems in Monahans TX. Permian Basin experiences 6-8 hailstorms annually. Free inspections. Call (806) 622-6041",134,true,""
"https://5starroofingpros.comapp/metal-roofing-odessa/","Metal Roofing Odessa TX | Expert Service | Free Inspection",58,"Professional metal roofing in Odessa TX. Expert installation, 24/7 emergency service, insurance assistance. Free inspections. Call (806) 622-6041",145,true,""
"https://5starroofingpros.comapp/metal-roofing-pampa/","Metal Roofing Pampa TX | Standing Seam | 50+ Year Lifespan",58,"Expert metal roofing in Pampa TX. Texas Panhandle experiences 6-8 hailstorms annually. High Plains winds 60+ mph. Free inspections. Call (806) 622-6041",151,true,""
"https://5starroofingpros.comapp/metal-roofing-perryton/","Metal Roofing Perryton TX | 5 Star Roofing",42,"Expert metal roofing in Perryton TX. Texas Panhandle experiences 6-8 hailstorms annually. High Plains winds 60+ mph. Free inspections. Call (806) 622-6041",154,true,""
"https://5starroofingpros.comapp/metal-roofing-snyder/","Metal Roofing Snyder TX | 5 Star Commercial Roofing",51,"Durable metal roofing systems in Snyder TX. West Texas experiences 7-9 hailstorms annually. Free inspections. Call (806) 622-6041",129,true,""
"https://5starroofingpros.comapp/midland-tx-roofing/","Roofing in Midland TX | Oil & Gas Industry Specialists",54,"roofing in Midland including commercial and industrial. Permian Basin specialists. Chemical-resistant PVC systems for oil & gas facilities.",139,true,""
"https://5starroofingpros.comapp/odessa-tx-roofing/","Roofing Contractor Odessa TX | 5 Star",37,"Commercial and industrial roofing in Odessa. Permian Basin experts. Specialized systems for manufacturing and oil & gas facilities.",131,true,""
"https://5starroofingpros.comapp/","5 Star Commercial Roofing | Amarillo, Midland, Odessa Hai...",60,"West Texas",10,true,"SHORT_META"
"https://5starroofingpros.comapp/pampa-texas-roofing/","Roofing in Pampa, TX| Hail Damage Specialists | 5 Star",54,"roofing services in Pampa, Texas Panhandle. Commercial, residential, and emergency roofing. Serving Gray County. Free inspections available.",140,true,""
"https://5starroofingpros.comapp/perryton-texas-roofing/","Roofing in Perryton, TX| Hail Damage Specialists | 5 Star",57,"roofing services in Perryton, Texas Panhandle. Commercial, residential, and emergency roofing. Serving Ochiltree County. Free inspections available.",148,true,""
"https://5starroofingpros.comapp/plainview-texas-roofing/","Roofing in Plainview, TX| Hail Damage Specialists | 5 Star",58,"roofing services in Plainview, Texas Panhandle. Commercial, residential, and emergency roofing. Serving Hale County. Free inspections available.",144,true,""
"https://5starroofingpros.comapp/pvc-roof-repair-in-amarillo/","PVC Roof Repair Amarillo TX | 5 Star Roofing",44,"Roof Repair in Amarillo, TX. Free inspections, insurance claim help, fast response. Call 5 Star Roofing for a free quote today!",127,true,""
"https://5starroofingpros.comapp/pvc-roof-replacement-in-amarillo/","PVC Roof Replacement Amarillo TX | 5 Star",41,"Roof Replacement in Amarillo, TX. Free inspections, insurance claim help, fast response. Call 5 Star Roofing for a free quote today!",132,true,""
"https://5starroofingpros.comapp/pvc-roofing-contractors-in-amarillo/","PVC Roofing in Amarillo, TX| Commercial Experts | 5 Star",56,"PVC roofing installation in Amarillo, Midland, Odessa. Heat-welded seams, Class A fire rating, 20+ year warranties. Commercial roofing specialists.",147,true,""
"https://5starroofingpros.comapp/residential-roof-repair-in-amarillo/","Residential Roof Repair Amarillo TX | 5 Star",44,"Roof Repair in Amarillo, TX. Free inspections, insurance claim help, fast response. Call 5 Star Roofing for a free quote today!",127,true,""
"https://5starroofingpros.comapp/residential-roof-replacement-in-amarillo/","Residential Roof Replacement Amarillo TX",40,"Roof Replacement in Amarillo, TX. Free inspections, insurance claim help, fast response. Call 5 Star Roofing for a free quote today!",132,true,""
"https://5starroofingpros.comapp/residential-roofing/","Residential Roofing in Amarillo | 5 Star",40,"residential roofing in Amarillo. Asphalt shingles, metal roofing, and hail damage repair. Call for a free quote!",112,true,"SHORT_META"
"https://5starroofingpros.comapp/residential-roofing-amarillo/","Residential Roofing Amarillo TX | 5 Star Roofing",48,"Residential Roofing in Amarillo, TX. Free inspections, insurance claim help, fast response. Call 5 Star Roofing for a free quote today!",135,true,""
"https://5starroofingpros.comapp/residential-roofing-amarillo-texas/","Residential Roofing Amarillo TX | 5 Star Roofing",48,"Expert residential roofing services in Amarillo, Texas. Roof replacement, repair, and upgrades for Amarillo homes. Free estimates. Call (806) 622-6041.",151,true,""
"https://5starroofingpros.comapp/residential-roofing-amarillo-tx/","Amarillo TX Roofing | Trusted Local Roofers",43,"Amarillo",8,true,"SHORT_META"
"https://5starroofingpros.comapp/residential-roofing-andrews/","Residential Roofing Andrews TX | 5 Star Roofing",47,"Professional residential roofing in Andrews TX. Expert installation, 24/7 emergency service, insurance assistance. Free inspections. Call (806) 622-6041",152,true,""
"https://5starroofingpros.comapp/residential-roofing-big-spring/","Residential Roofing Big Spring TX | 5 Star Roofing",50,"Professional residential roofing in Big Spring TX. Expert installation, 24/7 emergency service, insurance assistance. Free inspections. Call (806) 622-6041",155,true,""
"https://5starroofingpros.comapp/residential-roofing-borger/","Residential Roofing Borger TX | 5 Star Roofing",46,"Professional residential roofing in Borger TX. Expert installation, 24/7 emergency service, insurance assistance. Free inspections. Call (806) 622-6041",151,true,""
"https://5starroofingpros.comapp/residential-roofing-canyon/","Residential Roofing Canyon TX | 5 Star Roofing",46,"Professional residential roofing in Canyon TX. Expert installation, 24/7 emergency service, insurance assistance. Free inspections. Call (806) 622-6041",151,true,""
"https://5starroofingpros.comapp/residential-roofing-dumas/","Residential Roofing Dumas TX | 5 Star Roofing",45,"Professional residential roofing in Dumas TX. Expert installation, 24/7 emergency service, insurance assistance. Free inspections. Call (806) 622-6041",150,true,""
"https://5starroofingpros.comapp/residential-roofing-in-amarillo/","Residential Roofing Amarillo TX| 25+ Years Experience",53,"Residential Roofing in Amarillo, TX. Free inspections, insurance claim help, fast response. Call 5 Star Roofing for a free quote today!",135,true,""
"https://5starroofingpros.comapp/residential-roofing-levelland/","Residential Roofing Levelland TX | 5 Star Roofing",49,"Professional residential roofing in Levelland TX. Expert installation, 24/7 emergency service, insurance assistance. Free inspections. Call (806) 622-6041",154,true,""
"https://5starroofingpros.comapp/residential-roofing-lubbock/","Residential Roofing Lubbock TX | 5 Star Roofing",47,"Expert residential roofing in Lubbock TX. Specializing in hail damage claims and Class 4 impact-resistant shingles. Free inspections. Call (806) 622-6041",153,true,""
"https://5starroofingpros.comapp/residential-roofing-lubbock-texas/","Residential Roofing in Lubbock TX| Hail Damage Specialists",58,"Residential Roofing in Lubbock, TX. Free inspections, insurance claim help, fast response. Call 5 Star Roofing for a free quote today!",134,true,""
"https://5starroofingpros.comapp/residential-roofing-midland/","Residential Roofing Midland TX | 5 Star Roofing",47,"Expert residential roofing in Midland TX. Specializing in hail damage claims and Class 4 impact-resistant shingles. Free inspections. Call (806) 622-6041",153,true,""
"https://5starroofingpros.comapp/residential-roofing-midland-texas/","Residential Roofing in Midland TX| Hail Damage Specialists",58,"Residential Roofing in Midland, TX. Free inspections, insurance claim help, fast response. Call 5 Star Roofing for a free quote today!",134,true,""
"https://5starroofingpros.comapp/residential-roofing-monahans/","Residential Roofing Monahans TX | 5 Star Roofing",48,"Professional residential roofing in Monahans TX. Expert installation, 24/7 emergency service, insurance assistance. Free inspections. Call (806) 622-6041",153,true,""
"https://5starroofingpros.comapp/residential-roofing-odessa/","Residential Roofing Odessa TX | 5 Star Roofing",46,"Expert residential roofing in Odessa TX. Specializing in hail damage claims and Class 4 impact-resistant shingles. Free inspections. Call (806) 622-6041",152,true,""
"https://5starroofingpros.comapp/residential-roofing-odessa-texas/","Residential Roofing in Odessa TX| Hail Damage Specialists",57,"Residential Roofing in Odessa, TX. Free inspections, insurance claim help, fast response. Call 5 Star Roofing for a free quote today!",133,true,""
"https://5starroofingpros.comapp/residential-roofing-pampa/","Residential Roofing Pampa TX | 5 Star Roofing",45,"Professional residential roofing in Pampa TX. Expert installation, 24/7 emergency service, insurance assistance. Free inspections. Call (806) 622-6041",150,true,""
"https://5starroofingpros.comapp/residential-roofing-perryton/","Residential Roofing Perryton TX | 5 Star Roofing",48,"Professional residential roofing in Perryton TX. Expert installation, 24/7 emergency service, insurance assistance. Free inspections. Call (806) 622-6041",153,true,""
"https://5starroofingpros.comapp/residential-roofing-snyder/","Residential Roofing Snyder TX | 5 Star Roofing",46,"Professional residential roofing in Snyder TX. Expert installation, 24/7 emergency service, insurance assistance. Free inspections. Call (806) 622-6041",151,true,""
"https://5starroofingpros.comapp/reviews/","Customer Reviews | 5 Star Commercial Roofing Amarillo, Mi...",60,"Read reviews from satisfied customers across West Texas. Call for a free quote!",79,true,"SHORT_META"
"https://5starroofingpros.comapp/roof-hail-damage-repair-services-in-amarillo-tx/","Hail Damage Roof Repair in Amarillo | 5 Star",44,"Hail Damage Repair in Amarillo, TX. Free inspections, insurance claim help, fast response. Call 5 Star Roofing for a free quote today!",134,true,""
"https://5starroofingpros.comapp/roof-heavy-rain-damage-in-amarillo/","Rain Damage Roof Repair Amarillo TX | 5 Star",44,"Expert heavy rain roof damage repair in Amarillo. Flash flood damage, water intrusion, leak detection. Emergency service. Insurance claims. (806) 622-6041",154,true,""
"https://5starroofingpros.comapp/roof-inspection-amarillo-texas/","Roof Inspection in Amarillo, TX| Hail Damage Assessment",55,"Roof Inspections in Amarillo, TX. Free inspections, insurance claim help, fast response. Call 5 Star Roofing for a free quote today!",132,true,""
"https://5starroofingpros.comapp/roof-inspections-amarillo/","Roof Inspections Amarillo TX | 5 Star Roofing",45,"Professional roof inspections in Amarillo TX. Expert installation, 24/7 emergency service, insurance assistance. Free inspections. Call (806) 622-6041",150,true,""
"https://5starroofingpros.comapp/roof-inspections-andrews/","Roof Inspections Andrews TX | 5 Star Commercial Roofing",55,"Professional roof inspections in Andrews TX. Permian Basin experiences 6-8 hailstorms annually. Free inspections. Call (806) 622-6041",133,true,""
"https://5starroofingpros.comapp/roof-inspections-big-spring/","Roof Inspections Big Spring TX | 5 Star Commercial Roofing",58,"Professional roof inspections in Big Spring TX. West Texas experiences 7-9 hailstorms annually. Free inspections. Call (806) 622-6041",133,true,""
"https://5starroofingpros.comapp/roof-inspections-borger/","Roof Inspections Borger TX | 5 Star Roofing",43,"Expert roof inspections in Borger TX. Texas Panhandle experiences 6-8 hailstorms annually. High Plains winds 60+ mph. Free inspections. Call (806) 622-6041",155,true,""
"https://5starroofingpros.comapp/roof-inspections-canyon/","Roof Inspections Canyon TX | 5 Star Roofing",43,"Expert roof inspections in Canyon TX. Texas Panhandle experiences 6-8 hailstorms annually. High Plains winds 60+ mph. Free inspections. Call (806) 622-6041",155,true,""
"https://5starroofingpros.comapp/roof-inspections-dumas/","Roof Inspections Dumas TX | 5 Star Roofing",42,"Expert roof inspections in Dumas TX. Texas Panhandle experiences 6-8 hailstorms annually. High Plains winds 60+ mph. Free inspections. Call (806) 622-6041",154,true,""
"https://5starroofingpros.comapp/roof-inspections-in-amarillo/","Roof Inspections Amarillo TX | 5 Star Roofing",45,"Roof Inspections in Amarillo, TX. Free inspections, insurance claim help, fast response. Call 5 Star Roofing for a free quote today!",132,true,""
"https://5starroofingpros.comapp/roof-inspections-levelland/","Roof Inspections Levelland TX | 5 Star Commercial Roofing",57,"Professional roof inspections in Levelland TX. South Plains experiences 7-10 hailstorms annually. Free inspections. Call (806) 622-6041",135,true,""
"https://5starroofingpros.comapp/roof-inspections-lubbock/","Roof Inspections Lubbock TX | 5 Star Roofing",44,"Professional roof inspections in Lubbock TX. Expert installation, 24/7 emergency service, insurance assistance. Free inspections. Call (806) 622-6041",149,true,""
"https://5starroofingpros.comapp/roof-inspections-midland/","Roof Inspections Midland TX | 5 Star Roofing",44,"Professional roof inspections in Midland TX. Expert installation, 24/7 emergency service, insurance assistance. Free inspections. Call (806) 622-6041",149,true,""
"https://5starroofingpros.comapp/roof-inspections-monahans/","Roof Inspections Monahans TX | 5 Star Commercial Roofing",56,"Professional roof inspections in Monahans TX. Permian Basin experiences 6-8 hailstorms annually. Free inspections. Call (806) 622-6041",134,true,""
"https://5starroofingpros.comapp/roof-inspections-odessa/","Roof Inspections Odessa TX | 5 Star Roofing",43,"Professional roof inspections in Odessa TX. Expert installation, 24/7 emergency service, insurance assistance. Free inspections. Call (806) 622-6041",148,true,""
"https://5starroofingpros.comapp/roof-inspections-pampa/","Roof Inspections Pampa TX | 5 Star Roofing",42,"Expert roof inspections in Pampa TX. Texas Panhandle experiences 6-8 hailstorms annually. High Plains winds 60+ mph. Free inspections. Call (806) 622-6041",154,true,""
"https://5starroofingpros.comapp/roof-inspections-perryton/","Roof Inspections Perryton TX | 5 Star Roofing",45,"Expert roof inspections in Perryton TX. Texas Panhandle experiences 6-8 hailstorms annually. High Plains winds 60+ mph. Free inspections. Call (806) 622-6041",157,true,""
"https://5starroofingpros.comapp/roof-inspections-snyder/","Roof Inspections Snyder TX | 5 Star Commercial Roofing",54,"Professional roof inspections in Snyder TX. West Texas experiences 7-9 hailstorms annually. Free inspections. Call (806) 622-6041",129,true,""
"https://5starroofingpros.comapp/roof-repair-amarillo/","Roof Repair Amarillo TX | Expert Service | Free Inspection",58,"Professional roof repair in Amarillo TX. Expert installation, 24/7 emergency service, insurance assistance. Free inspections. Call (806) 622-6041",145,true,""
"https://5starroofingpros.comapp/roof-repair-andrews/","Roof Repair Andrews TX | 5 Star Commercial Roofing",50,"Professional roof repair services in Andrews TX. Permian Basin experiences 6-8 hailstorms annually. Free inspections. Call (806) 622-6041",137,true,""
"https://5starroofingpros.comapp/roof-repair-big-spring/","Roof Repair Big Spring TX | 5 Star Commercial Roofing",53,"Professional roof repair services in Big Spring TX. West Texas experiences 7-9 hailstorms annually. Free inspections. Call (806) 622-6041",137,true,""
"https://5starroofingpros.comapp/roof-repair-borger/","Roof Repair Borger TX | Same-Day Service | Free Inspection",58,"Expert roof repair in Borger TX. Texas Panhandle experiences 6-8 hailstorms annually. High Plains winds 60+ mph. Free inspections. Call (806) 622-6041",150,true,""
"https://5starroofingpros.comapp/roof-repair-canyon/","Roof Repair Canyon TX | Same-Day Service | Free Inspection",58,"Expert roof repair in Canyon TX. Texas Panhandle experiences 6-8 hailstorms annually. High Plains winds 60+ mph. Free inspections. Call (806) 622-6041",150,true,""
"https://5starroofingpros.comapp/roof-repair-dumas/","Roof Repair Dumas TX | Same-Day Service | Free Inspection",57,"Expert roof repair in Dumas TX. Texas Panhandle experiences 6-8 hailstorms annually. High Plains winds 60+ mph. Free inspections. Call (806) 622-6041",149,true,""
"https://5starroofingpros.comapp/roof-repair-levelland/","Roof Repair Levelland TX | 5 Star Commercial Roofing",52,"Professional roof repair services in Levelland TX. South Plains experiences 7-10 hailstorms annually. Free inspections. Call (806) 622-6041",139,true,""
"https://5starroofingpros.comapp/roof-repair-lubbock/","Roof Repair Lubbock TX | Expert Service | Free Inspection",57,"Professional roof repair in Lubbock TX. Expert installation, 24/7 emergency service, insurance assistance. Free inspections. Call (806) 622-6041",144,true,""
"https://5starroofingpros.comapp/roof-repair-midland/","Roof Repair Midland TX | Expert Service | Free Inspection",57,"Professional roof repair in Midland TX. Expert installation, 24/7 emergency service, insurance assistance. Free inspections. Call (806) 622-6041",144,true,""
"https://5starroofingpros.comapp/roof-repair-monahans/","Roof Repair Monahans TX | 5 Star Commercial Roofing",51,"Professional roof repair services in Monahans TX. Permian Basin experiences 6-8 hailstorms annually. Free inspections. Call (806) 622-6041",138,true,""
"https://5starroofingpros.comapp/roof-repair-odessa/","Roof Repair Odessa TX | Expert Service | Free Inspection",56,"Professional roof repair in Odessa TX. Expert installation, 24/7 emergency service, insurance assistance. Free inspections. Call (806) 622-6041",143,true,""
"https://5starroofingpros.comapp/roof-repair-pampa/","Roof Repair Pampa TX | Same-Day Service | Free Inspection",57,"Expert roof repair in Pampa TX. Texas Panhandle experiences 6-8 hailstorms annually. High Plains winds 60+ mph. Free inspections. Call (806) 622-6041",149,true,""
"https://5starroofingpros.comapp/roof-repair-perryton/","Roof Repair Perryton TX | Same-Day Service | Free Inspection",60,"Expert roof repair in Perryton TX. Texas Panhandle experiences 6-8 hailstorms annually. High Plains winds 60+ mph. Free inspections. Call (806) 622-6041",152,true,""
"https://5starroofingpros.comapp/roof-repair-services-in-amarillo/","Roof Repair Services in Amarillo TXService | 5 Star",51,"Roof Repair in Amarillo, TX. Free inspections, insurance claim help, fast response. Call 5 Star Roofing for a free quote today!",127,true,""
"https://5starroofingpros.comapp/roof-repair-snyder/","Roof Repair Snyder TX | 5 Star Commercial Roofing",49,"Professional roof repair services in Snyder TX. West Texas experiences 7-9 hailstorms annually. Free inspections. Call (806) 622-6041",133,true,""
"https://5starroofingpros.comapp/roof-replacement-amarillo/","Roof Replacement Amarillo TX | 5 Star Roofing",45,"Roof Replacement in Amarillo, TX. Free inspections, insurance claim help, fast response. Call 5 Star Roofing for a free quote today!",132,true,""
"https://5starroofingpros.comapp/roof-replacement-andrews/","Roof Replacement Andrews TX | 5 Star Roofing",44,"Professional roof replacement in Andrews TX. Expert installation, 24/7 emergency service, insurance assistance. Free inspections. Call (806) 622-6041",149,true,""
"https://5starroofingpros.comapp/roof-replacement-big-spring/","Roof Replacement Big Spring TX | 5 Star Roofing",47,"Professional roof replacement in Big Spring TX. Expert installation, 24/7 emergency service, insurance assistance. Free inspections. Call (806) 622-6041",152,true,""
"https://5starroofingpros.comapp/roof-replacement-borger/","Roof Replacement Borger TX | 5 Star Roofing",43,"Professional roof replacement in Borger TX. Expert installation, 24/7 emergency service, insurance assistance. Free inspections. Call (806) 622-6041",148,true,""
"https://5starroofingpros.comapp/roof-replacement-canyon/","Roof Replacement Canyon TX | 5 Star Roofing",43,"Professional roof replacement in Canyon TX. Expert installation, 24/7 emergency service, insurance assistance. Free inspections. Call (806) 622-6041",148,true,""
"https://5starroofingpros.comapp/roof-replacement-dumas/","Roof Replacement Dumas TX | Expert Service | Free Inspection",60,"Professional roof replacement in Dumas TX. Expert installation, 24/7 emergency service, insurance assistance. Free inspections. Call (806) 622-6041",147,true,""
"https://5starroofingpros.comapp/roof-replacement-in-amarillo/","Roof Replacement Amarillo TXAssistance | 5 Star",47,"Roof Replacement in Amarillo, TX. Free inspections, insurance claim help, fast response. Call 5 Star Roofing for a free quote today!",132,true,""
"https://5starroofingpros.comapp/roof-replacement-levelland/","Roof Replacement Levelland TX | 5 Star Roofing",46,"Professional roof replacement in Levelland TX. Expert installation, 24/7 emergency service, insurance assistance. Free inspections. Call (806) 622-6041",151,true,""
"https://5starroofingpros.comapp/roof-replacement-lubbock/","Roof Replacement Lubbock TX | 5 Star Roofing",44,"Expert roof replacement in Lubbock TX. Class 4 impact-resistant shingles. Insurance claims assistance. Call (806) 622-6041",122,true,""
"https://5starroofingpros.comapp/roof-replacement-midland/","Roof Replacement Midland TX | 5 Star Roofing",44,"Expert roof replacement in Midland TX. Class 4 impact-resistant shingles. Insurance claims assistance. Call (806) 622-6041",122,true,""
"https://5starroofingpros.comapp/roof-replacement-monahans/","Roof Replacement Monahans TX | 5 Star Roofing",45,"Professional roof replacement in Monahans TX. Expert installation, 24/7 emergency service, insurance assistance. Free inspections. Call (806) 622-6041",150,true,""
"https://5starroofingpros.comapp/roof-replacement-odessa/","Roof Replacement Odessa TX | 5 Star Roofing",43,"Expert roof replacement in Odessa TX. Class 4 impact-resistant shingles. Insurance claims assistance. Call (806) 622-6041",121,true,""
"https://5starroofingpros.comapp/roof-replacement-pampa/","Roof Replacement Pampa TX | Expert Service | Free Inspection",60,"Professional roof replacement in Pampa TX. Expert installation, 24/7 emergency service, insurance assistance. Free inspections. Call (806) 622-6041",147,true,""
"https://5starroofingpros.comapp/roof-replacement-perryton/","Roof Replacement Perryton TX | 5 Star Roofing",45,"Professional roof replacement in Perryton TX. Expert installation, 24/7 emergency service, insurance assistance. Free inspections. Call (806) 622-6041",150,true,""
"https://5starroofingpros.comapp/roof-replacement-snyder/","Roof Replacement Snyder TX | 5 Star Roofing",43,"Professional roof replacement in Snyder TX. Expert installation, 24/7 emergency service, insurance assistance. Free inspections. Call (806) 622-6041",148,true,""
"https://5starroofingpros.comapp/roof-rot-damage-in-amarillo/","Roof Rot Damage Repair in Amarillo TX| Wood Rot Specialists",59,"roof rot damage repair in Amarillo. Wood rot removal, deck replacement, and moisture solutions. Free inspections and insurance claims help.",139,true,""
"https://5starroofingpros.comapp/roof-snow-and-ice-damage-in-amarillo/","Emergency Snow & Ice Damage Roof Repair in Amarillo",51,"Snow and ice damage roof emergency in Amarillo? We respond 24/7. Ice dam removal, freeze-thaw damage repair, and emergency tarping. Same-day inspections.",153,true,""
"https://5starroofingpros.comapp/roof-storm-damage-in-amarillo/","Emergency Storm Damage Roof Repair in Amarillo | 5 Star",55,"Storm Damage Repair in Amarillo, TX. Free inspections, insurance claim help, fast response. Call 5 Star Roofing for a free quote today!",135,true,""
"https://5starroofingpros.comapp/roof-wind-damage-in-amarillo/","Emergency Wind Damage Roof Repair in Amarillo | 5 Star",54,"Wind Damage Repair in Amarillo, TX. Free inspections, insurance claim help, fast response. Call 5 Star Roofing for a free quote today!",134,true,""
"https://5starroofingpros.comapp/roofers-in-amarillo/","Best Roofers in Amarillo TX | 5 Star Roofing",44,"roofers in Amarillo, TX. Our roofing services meet all your needs. We provide top-quality solutions to ensure the best property protection.",139,true,""
"https://5starroofingpros.comapp/roofing-amarillo-tx/","Amarillo TX Roofing | Trusted Local Roofers",43,"roofing in Amarillo specializing in hail damage repair and storm restoration. Amarillo experiences 8-12 hailstorms annually.",124,true,""
"https://5starroofingpros.comapp/roofing-companies-in-amarillo-tx/","Top Roofing Companies in Amarillo TX | Free Inspection Today",60,"Looking for roofing companies in Amarillo TX? Our roofing contractors offer affordable roof repair and top-notch residential roofing services.",142,true,""
"https://5starroofingpros.comapp/roofing-methods/","Roofing Methods & Installation in Amarillo| Hail-Resistan...",60,"Modern roofing methods for Texas Panhandle homes and businesses. Impact-resistant shingles, standing seam metal, TPO systems. hail damage prevention.",149,true,""
"https://5starroofingpros.comapp/roofing-methods-in-amarillo/","Roofing Methods & Materials Amarillo TX | 5 Star",48,"Discover proven roofing methods and installation techniques for Amarillo homes. Impact-resistant systems, proper ventilation, and hail protection.",146,true,""
"https://5starroofingpros.comapp/roofing-repair-services-in-amarillo/","Roof Repair Services Amarillo TX | 5 Star",41,"roofing repair services in Amarillo. Fast emergency repairs, leak detection, shingle replacement, storm damage. Licensed & insured. Free inspections.",149,true,""
"https://5starroofingpros.comapp/roofing-services-in-amarillo-tx/","Amarillo TX Roofing Services | 5 Star Roofing",45,"Complete roofing services in Amarillo, TX. Residential & commercial, repair & replacement, hail damage, emergency service. Free inspections. Call (806) 622-6041",160,true,""
"https://5starroofingpros.comapp/roofing-services-lubbock-tx/","Roofing Contractor Lubbock TX | 5 Star",38,"roofing services in Lubbock, TX. Hail damage repair, storm restoration, Class 4 shingles, TPO, metal roofing. Free inspections. Insurance claims help.",150,false,"NO_SCHEMA"
"https://5starroofingpros.comapp/service-areas/","Service Areas | Amarillo, Midland, Odessa Roofing | & West",58,"roofing services across West Texas. Serving Amarillo, Midland, Odessa, Lubbock, and 20+ Texas Panhandle cities. Hail damage specialists. Call (806) 622-6041",156,true,""
"https://5starroofingpros.comapp/services/","Roofing Services in Amarillo, Midland, Odessa| Hail Damag...",60,"Complete roofing services for West Texas including residential, commercial, and industrial. Call for a free quote!",114,true,"SHORT_META"
"https://5starroofingpros.comapp/storm-damage-repair-amarillo/","Storm Damage Roof Repair Amarillo TXEmergency | 5 Star",54,"Storm Damage Repair in Amarillo, TX. Free inspections, insurance claim help, fast response. Call 5 Star Roofing for a free quote today!",135,true,""
"https://5starroofingpros.comapp/storm-damage-repair-andrews/","Storm Damage Repair Andrews TX | 5 Star Commercial Roofing",58,"Expert storm damage roof repair in Andrews TX. Permian Basin experiences 6-8 hailstorms annually. Free inspections. Call (806) 622-6041",135,true,""
"https://5starroofingpros.comapp/storm-damage-repair-big-spring/","Storm Damage Repair Big Spring TX | 5 Star Roofing",50,"Expert storm damage roof repair in Big Spring TX. West Texas experiences 7-9 hailstorms annually. Free inspections. Call (806) 622-6041",135,true,""
"https://5starroofingpros.comapp/storm-damage-repair-borger/","Storm Damage Repair Borger TXService | Free Inspection",54,"storm damage roof repair in Borger TX. Texas Panhandle experiences 6-8 hailstorms annually. High Plains winds 60+ mph. Free inspections. Call (806) 622-6041",156,true,""
"https://5starroofingpros.comapp/storm-damage-repair-canyon/","Storm Damage Repair Canyon TXService | Free Inspection",54,"storm damage roof repair in Canyon TX. Texas Panhandle experiences 6-8 hailstorms annually. High Plains winds 60+ mph. Free inspections. Call (806) 622-6041",156,true,""
"https://5starroofingpros.comapp/storm-damage-repair-dumas/","Storm Damage Repair Dumas TXService | Free Inspection",53,"storm damage roof repair in Dumas TX. Texas Panhandle experiences 6-8 hailstorms annually. High Plains winds 60+ mph. Free inspections. Call (806) 622-6041",155,true,""
"https://5starroofingpros.comapp/storm-damage-repair-levelland/","Storm Damage Repair Levelland TX | 5 Star Commercial Roofing",60,"Expert storm damage roof repair in Levelland TX. South Plains experiences 7-10 hailstorms annually. Free inspections. Call (806) 622-6041",137,true,""
"https://5starroofingpros.comapp/storm-damage-repair-lubbock/","Storm Damage Repair Lubbock | 5 Star Commercial Roofing",55,"Expert storm damage repair in Lubbock. 24/7 emergency service for hail, wind, and weather damage. Complete insurance assistance. Call (806) 622-6041",148,true,""
"https://5starroofingpros.comapp/storm-damage-repair-midland/","Storm Damage Repair Midland | 5 Star Commercial Roofing",55,"Expert storm damage repair in Midland. 24/7 emergency service for hail, wind, and weather damage. Complete insurance assistance. Call (806) 622-6041",148,true,""
"https://5starroofingpros.comapp/storm-damage-repair-monahans/","Storm Damage Repair Monahans TX | 5 Star Commercial Roofing",59,"Expert storm damage roof repair in Monahans TX. Permian Basin experiences 6-8 hailstorms annually. Free inspections. Call (806) 622-6041",136,true,""
"https://5starroofingpros.comapp/storm-damage-repair-odessa/","Storm Damage Repair Odessa | 5 Star Commercial Roofing",54,"Expert storm damage repair in Odessa. 24/7 emergency service for hail, wind, and weather damage. Complete insurance assistance. Call (806) 622-6041",147,true,""
"https://5starroofingpros.comapp/storm-damage-repair-pampa/","Storm Damage Repair Pampa TXService | Free Inspection",53,"storm damage roof repair in Pampa TX. Texas Panhandle experiences 6-8 hailstorms annually. High Plains winds 60+ mph. Free inspections. Call (806) 622-6041",155,true,""
"https://5starroofingpros.comapp/storm-damage-repair-perryton/","Storm Damage Roof Repair Perryton TXEmergency | 5 Star",54,"Storm Damage Repair in Perryton, TX. Free inspections, insurance claim help, fast response. Call 5 Star Roofing for a free quote today!",135,true,""
"https://5starroofingpros.comapp/storm-damage-repair-snyder/","Storm Damage Repair Snyder TX | 5 Star Commercial Roofing",57,"Expert storm damage roof repair in Snyder TX. West Texas experiences 7-9 hailstorms annually. Free inspections. Call (806) 622-6041",131,true,""
"https://5starroofingpros.comapp/storm-damage-roof-repair-in-amarillo/","Emergency Storm Damage Roof Repair in Amarillo | 5 Star",55,"Storm Damage Repair in Amarillo, TX. Free inspections, insurance claim help, fast response. Call 5 Star Roofing for a free quote today!",135,true,""
"https://5starroofingpros.comapp/tpo-roofing-amarillo/","TPO Roofing Amarillo TX | Expert Service | Free Inspection",58,"Professional tpo roofing in Amarillo TX. Expert installation, 24/7 emergency service, insurance assistance. Free inspections. Call (806) 622-6041",145,true,""
"https://5starroofingpros.comapp/tpo-roofing-andrews/","TPO Roofing Andrews TX | 5 Star Commercial Roofing",50,"Expert TPO roofing installation in Andrews TX. Permian Basin experiences 6-8 hailstorms annually. Free inspections. Call (806) 622-6041",135,true,""
"https://5starroofingpros.comapp/tpo-roofing-big-spring/","TPO Roofing Big Spring TX | 5 Star Commercial Roofing",53,"Expert TPO roofing installation in Big Spring TX. West Texas experiences 7-9 hailstorms annually. Free inspections. Call (806) 622-6041",135,true,""
"https://5starroofingpros.comapp/tpo-roofing-borger/","TPO Roofing Borger TX | 5 Star Roofing",38,"Expert tpo roofing in Borger TX. Texas Panhandle experiences 7-9 hailstorms annually. Refinery town. Free inspections. Call (806) 622-6041",138,true,""
"https://5starroofingpros.comapp/tpo-roofing-canyon/","TPO Roofing Canyon TX | 5 Star Roofing",38,"Expert tpo roofing in Canyon TX. Texas Panhandle experiences 8-10 hailstorms annually. Palo Duro Canyon, WTAMU. Free inspections. Call (806) 622-6041",149,true,""
"https://5starroofingpros.comapp/tpo-roofing-dumas/","TPO Roofing Dumas TX | Commercial Systems | Energy Efficient",60,"Expert tpo roofing in Dumas TX. Texas Panhandle experiences 7-9 hailstorms annually. Agricultural center. Free inspections. Call (806) 622-6041",143,true,""
"https://5starroofingpros.comapp/tpo-roofing-levelland/","TPO Roofing Levelland TX | 5 Star Commercial Roofing",52,"Expert TPO roofing installation in Levelland TX. South Plains experiences 7-10 hailstorms annually. Free inspections. Call (806) 622-6041",137,true,""
"https://5starroofingpros.comapp/tpo-roofing-lubbock/","TPO Roofing Lubbock TX | Expert Service | Free Inspection",57,"Professional tpo roofing in Lubbock TX. Expert installation, 24/7 emergency service, insurance assistance. Free inspections. Call (806) 622-6041",144,true,""
"https://5starroofingpros.comapp/tpo-roofing-midland/","TPO Roofing Midland TX | Expert Service | Free Inspection",57,"Professional tpo roofing in Midland TX. Expert installation, 24/7 emergency service, insurance assistance. Free inspections. Call (806) 622-6041",144,true,""
"https://5starroofingpros.comapp/tpo-roofing-monahans/","TPO Roofing Monahans TX | 5 Star Commercial Roofing",51,"Expert TPO roofing installation in Monahans TX. Permian Basin experiences 6-8 hailstorms annually. Free inspections. Call (806) 622-6041",136,true,""
"https://5starroofingpros.comapp/tpo-roofing-odessa/","TPO Roofing Odessa TX | Expert Service | Free Inspection",56,"Professional tpo roofing in Odessa TX. Expert installation, 24/7 emergency service, insurance assistance. Free inspections. Call (806) 622-6041",143,true,""
"https://5starroofingpros.comapp/tpo-roofing-pampa/","TPO Roofing Pampa TX | Commercial Systems | Energy Efficient",60,"Expert tpo roofing in Pampa TX. Texas Panhandle experiences 7-9 hailstorms annually. Ranching and oil industry. Free inspections. Call (806) 622-6041",149,true,""
"https://5starroofingpros.comapp/tpo-roofing-perryton/","TPO Roofing Perryton TX | 5 Star Roofing",40,"Expert tpo roofing in Perryton TX. Texas Panhandle experiences 7-9 hailstorms annually. Wheat country. Free inspections. Call (806) 622-6041",140,true,""
"https://5starroofingpros.comapp/tpo-roofing-snyder/","TPO Roofing Snyder TX | 5 Star Commercial Roofing",49,"Expert TPO roofing installation in Snyder TX. West Texas experiences 7-9 hailstorms annually. Free inspections. Call (806) 622-6041",131,true,""
"https://5starroofingpros.comapp/vega-tx-roofing/","Roofing in Vega, TX| Hail Damage Specialists | 5 Star",53,"roofing services in Vega, Texas Panhandle. 35 miles west of Amarillo on I-40. Hail damage repair, residential & commercial roofing, metal roofs.",144,true,""
"https://5starroofingpros.comapp/wildorado-tx-roofing/","Roofing in Wildorado, TX| Hail Damage Specialists | 5 Star",58,"roofing services in Wildorado, Texas Panhandle. Just 15 miles west of Amarillo on I-40. Hail damage repair, residential & commercial roofing, metal roofs.",154,true,""
"https://5starroofingpros.comapp/wind-damage-repair-amarillo/","Wind Damage Repair Amarillo TX | 5 Star Roofing",47,"Wind Damage Repair in Amarillo, TX. Free inspections, insurance claim help, fast response. Call 5 Star Roofing for a free quote today!",134,true,""
"https://5starroofingpros.comapp/wind-damage-repair-andrews/","Wind Damage Repair Andrews TX | 5 Star Commercial Roofing",57,"Expert wind damage roof repair in Andrews TX. Permian Basin experiences 6-8 hailstorms annually. Free inspections. Call (806) 622-6041",134,true,""
"https://5starroofingpros.comapp/wind-damage-repair-big-spring/","Wind Damage Repair Big Spring TX | 5 Star Commercial Roofing",60,"Expert wind damage roof repair in Big Spring TX. West Texas experiences 7-9 hailstorms annually. Free inspections. Call (806) 622-6041",134,true,""
"https://5starroofingpros.comapp/wind-damage-repair-borger/","Wind Damage Repair Borger TXService | High Plains Winds",55,"wind damage roof repair in Borger TX. Texas Panhandle experiences 6-8 hailstorms annually. High Plains winds 60+ mph. Free inspections. Call (806) 622-6041",155,true,""
"https://5starroofingpros.comapp/wind-damage-repair-canyon/","Wind Damage Repair Canyon TXService | High Plains Winds",55,"wind damage roof repair in Canyon TX. Texas Panhandle experiences 6-8 hailstorms annually. High Plains winds 60+ mph. Free inspections. Call (806) 622-6041",155,true,""
"https://5starroofingpros.comapp/wind-damage-repair-dumas/","Wind Damage Repair Dumas TXService | High Plains Winds",54,"wind damage roof repair in Dumas TX. Texas Panhandle experiences 6-8 hailstorms annually. High Plains winds 60+ mph. Free inspections. Call (806) 622-6041",154,true,""
"https://5starroofingpros.comapp/wind-damage-repair-levelland/","Wind Damage Repair Levelland TX | 5 Star Commercial Roofing",59,"Expert wind damage roof repair in Levelland TX. South Plains experiences 7-10 hailstorms annually. Free inspections. Call (806) 622-6041",136,true,""
"https://5starroofingpros.comapp/wind-damage-repair-lubbock/","Wind Damage Repair Lubbock | 5 Star Commercial Roofing",54,"Wind damage repair in Lubbock. South Plains sustained winds with gusts over 70+ mph. 24/7 emergency service and insurance claim assistance. Call (806) 622-6041",159,true,""
"https://5starroofingpros.comapp/wind-damage-repair-midland/","Wind Damage Repair Midland | 5 Star Commercial Roofing",54,"Wind damage repair in Midland. Permian Basin sustained winds with gusts over 65+ mph. 24/7 emergency service and insurance claim assistance. Call (806) 622-6041",160,true,""
"https://5starroofingpros.comapp/wind-damage-repair-monahans/","Wind Damage Repair Monahans TX | 5 Star Commercial Roofing",58,"Expert wind damage roof repair in Monahans TX. Permian Basin experiences 6-8 hailstorms annually. Free inspections. Call (806) 622-6041",135,true,""
"https://5starroofingpros.comapp/wind-damage-repair-odessa/","Wind Damage Repair Odessa | 5 Star Commercial Roofing",53,"Wind damage repair in Odessa. Permian Basin sustained winds with gusts over 65+ mph. 24/7 emergency service and insurance claim assistance. Call (806) 622-6041",159,true,""
"https://5starroofingpros.comapp/wind-damage-repair-pampa/","Wind Damage Repair Pampa TXService | High Plains Winds",54,"wind damage roof repair in Pampa TX. Texas Panhandle experiences 6-8 hailstorms annually. High Plains winds 60+ mph. Free inspections. Call (806) 622-6041",154,true,""
"https://5starroofingpros.comapp/wind-damage-repair-perryton/","Wind Damage Repair Perryton TXService | High Plains Winds",57,"wind damage roof repair in Perryton TX. Texas Panhandle experiences 6-8 hailstorms annually. High Plains winds 60+ mph. Free inspections. Call (806) 622-6041",157,true,""
"https://5starroofingpros.comapp/wind-damage-repair-snyder/","Wind Damage Repair Snyder TX | 5 Star Commercial Roofing",56,"Expert wind damage roof repair in Snyder TX. West Texas experiences 7-9 hailstorms annually. Free inspections. Call (806) 622-6041",130,true,""
"https://5starroofingpros.comapp/wind-damage-roof-repair-in-amarillo/","Emergency Wind Damage Roof Repair in Amarillo | 5 Star",54,"Wind Damage Repair in Amarillo, TX. Free inspections, insurance claim help, fast response. Call 5 Star Roofing for a free quote today!",134,false,"NO_SCHEMA"